date,location,total_cases,new_cases,total_deaths,new_deaths,total_vaccinations,death_rate
2020-01-30,India,1.0,1.0,0.0,0.0,0.0,0.0
2020-01-31,India,1.0,0.0,0.0,0.0,0.0,0.0
2020-02-01,India,1.0,0.0,0.0,0.0,0.0,0.0
2020-02-02,India,2.0,1.0,0.0,0.0,0.0,0.0
2020-02-03,India,3.0,1.0,0.0,0.0,0.0,0.0
2020-02-04,India,3.0,0.0,0.0,0.0,0.0,0.0
2020-02-05,India,3.0,0.0,0.0,0.0,0.0,0.0
2020-02-06,India,3.0,0.0,0.0,0.0,0.0,0.0
2020-02-07,India,3.0,0.0,0.0,0.0,0.0,0.0
2020-02-08,India,3.0,0.0,0.0,0.0,0.0,0.0
2020-02-09,India,3.0,0.0,0.0,0.0,0.0,0.0
2020-02-10,India,3.0,0.0,0.0,0.0,0.0,0.0
2020-02-11,India,3.0,0.0,0.0,0.0,0.0,0.0
2020-02-12,India,3.0,0.0,0.0,0.0,0.0,0.0
2020-02-13,India,3.0,0.0,0.0,0.0,0.0,0.0
2020-02-14,India,3.0,0.0,0.0,0.0,0.0,0.0
2020-02-15,India,3.0,0.0,0.0,0.0,0.0,0.0
2020-02-16,India,3.0,0.0,0.0,0.0,0.0,0.0
2020-02-17,India,3.0,0.0,0.0,0.0,0.0,0.0
2020-02-18,India,3.0,0.0,0.0,0.0,0.0,0.0
2020-02-19,India,3.0,0.0,0.0,0.0,0.0,0.0
2020-02-20,India,3.0,0.0,0.0,0.0,0.0,0.0
2020-02-21,India,3.0,0.0,0.0,0.0,0.0,0.0
2020-02-22,India,3.0,0.0,0.0,0.0,0.0,0.0
2020-02-23,India,3.0,0.0,0.0,0.0,0.0,0.0
2020-02-24,India,3.0,0.0,0.0,0.0,0.0,0.0
2020-02-25,India,3.0,0.0,0.0,0.0,0.0,0.0
2020-02-26,India,3.0,0.0,0.0,0.0,0.0,0.0
2020-02-27,India,3.0,0.0,0.0,0.0,0.0,0.0
2020-02-28,India,3.0,0.0,0.0,0.0,0.0,0.0
2020-02-29,India,3.0,0.0,0.0,0.0,0.0,0.0
2020-03-01,India,3.0,0.0,0.0,0.0,0.0,0.0
2020-03-02,India,5.0,2.0,0.0,0.0,0.0,0.0
2020-03-03,India,5.0,0.0,0.0,0.0,0.0,0.0
2020-03-04,India,28.0,23.0,0.0,0.0,0.0,0.0
2020-03-05,India,30.0,2.0,0.0,0.0,0.0,0.0
2020-03-06,India,31.0,1.0,0.0,0.0,0.0,0.0
2020-03-07,India,34.0,3.0,0.0,0.0,0.0,0.0
2020-03-08,India,39.0,5.0,0.0,0.0,0.0,0.0
2020-03-09,India,43.0,4.0,0.0,0.0,0.0,0.0
2020-03-10,India,56.0,13.0,0.0,0.0,0.0,0.0
2020-03-11,India,62.0,6.0,1.0,1.0,0.0,0.016129032258064516
2020-03-12,India,73.0,11.0,1.0,0.0,0.0,0.0136986301369863
2020-03-13,India,82.0,9.0,2.0,1.0,0.0,0.024390243902439025
2020-03-14,India,102.0,20.0,2.0,0.0,0.0,0.0196078431372549
2020-03-15,India,113.0,11.0,2.0,0.0,0.0,0.017699115044247787
2020-03-16,India,119.0,6.0,2.0,0.0,0.0,0.01680672268907563
2020-03-17,India,142.0,23.0,3.0,1.0,0.0,0.02112676056338028
2020-03-18,India,156.0,14.0,3.0,0.0,0.0,0.019230769230769232
2020-03-19,India,194.0,38.0,4.0,1.0,0.0,0.020618556701030927
2020-03-20,India,244.0,50.0,5.0,1.0,0.0,0.020491803278688523
2020-03-21,India,330.0,86.0,4.0,-1.0,0.0,0.012121212121212121
2020-03-22,India,396.0,66.0,7.0,3.0,0.0,0.017676767676767676
2020-03-23,India,499.0,103.0,10.0,3.0,0.0,0.02004008016032064
2020-03-24,India,536.0,37.0,10.0,0.0,0.0,0.018656716417910446
2020-03-25,India,657.0,121.0,12.0,2.0,0.0,0.0182648401826484
2020-03-26,India,727.0,70.0,20.0,8.0,0.0,0.027510316368638238
2020-03-27,India,887.0,160.0,20.0,0.0,0.0,0.02254791431792559
2020-03-28,India,987.0,100.0,24.0,4.0,0.0,0.0243161094224924
2020-03-29,India,1024.0,37.0,27.0,3.0,0.0,0.0263671875
2020-03-30,India,1251.0,227.0,32.0,5.0,0.0,0.025579536370903277
2020-03-31,India,1397.0,146.0,35.0,3.0,0.0,0.025053686471009307
2020-04-01,India,1998.0,601.0,58.0,23.0,0.0,0.02902902902902903
2020-04-02,India,2543.0,545.0,72.0,14.0,0.0,0.028313016122689737
2020-04-03,India,2567.0,24.0,72.0,0.0,0.0,0.028048305414881184
2020-04-04,India,3082.0,515.0,86.0,14.0,0.0,0.027903958468526932
2020-04-05,India,3588.0,506.0,99.0,13.0,0.0,0.027591973244147156
2020-04-06,India,4778.0,1190.0,136.0,37.0,0.0,0.028463792381749686
2020-04-07,India,5311.0,533.0,150.0,14.0,0.0,0.02824326868762945
2020-04-08,India,5916.0,605.0,178.0,28.0,0.0,0.03008789722785666
2020-04-09,India,6725.0,809.0,226.0,48.0,0.0,0.03360594795539033
2020-04-10,India,7598.0,873.0,246.0,20.0,0.0,0.032376941300342195
2020-04-11,India,8446.0,848.0,288.0,42.0,0.0,0.03409898176651669
2020-04-12,India,9205.0,759.0,331.0,43.0,0.0,0.03595871808799565
2020-04-13,India,10453.0,1248.0,358.0,27.0,0.0,0.03424854108868267
2020-04-14,India,11487.0,1034.0,393.0,35.0,0.0,0.03421258814311831
2020-04-15,India,12322.0,835.0,405.0,12.0,0.0,0.0328680409024509
2020-04-16,India,13430.0,1108.0,448.0,43.0,0.0,0.033358153387937454
2020-04-17,India,14352.0,922.0,486.0,38.0,0.0,0.0338628762541806
2020-04-18,India,15722.0,1370.0,521.0,35.0,0.0,0.03313827757282788
2020-04-19,India,17615.0,1893.0,559.0,38.0,0.0,0.03173431734317343
2020-04-20,India,18539.0,924.0,592.0,33.0,0.0,0.031932682453206754
2020-04-21,India,20080.0,1541.0,645.0,53.0,0.0,0.03212151394422311
2020-04-22,India,21370.0,1290.0,681.0,36.0,0.0,0.031867103416003746
2020-04-23,India,23077.0,1707.0,721.0,40.0,0.0,0.031243229189236037
2020-04-24,India,24530.0,1453.0,780.0,59.0,0.0,0.031797798613942115
2020-04-25,India,26283.0,1753.0,825.0,45.0,0.0,0.03138911083209679
2020-04-26,India,27890.0,1607.0,881.0,56.0,0.0,0.03158838293295088
2020-04-27,India,29451.0,1561.0,939.0,58.0,0.0,0.03188346745441581
2020-04-28,India,31324.0,1873.0,1008.0,69.0,0.0,0.03217979823777296
2020-04-29,India,33062.0,1738.0,1079.0,71.0,0.0,0.03263565422539471
2020-04-30,India,34863.0,1801.0,1154.0,75.0,0.0,0.03310099532455612
2020-05-01,India,37257.0,2394.0,1223.0,69.0,0.0,0.03282604611214
2020-05-02,India,39699.0,2442.0,1323.0,100.0,0.0,0.033325776467921106
2020-05-03,India,42505.0,2806.0,1391.0,68.0,0.0,0.032725561698623694
2020-05-04,India,46437.0,3932.0,1566.0,175.0,0.0,0.033723108727954004
2020-05-05,India,49400.0,2963.0,1693.0,127.0,0.0,0.03427125506072874
2020-05-06,India,52987.0,3587.0,1785.0,92.0,0.0,0.03368750825674222
2020-05-07,India,56351.0,3364.0,1889.0,104.0,0.0,0.0335220315522351
2020-05-08,India,59695.0,3344.0,1985.0,96.0,0.0,0.03325236619482369
2020-05-09,India,62808.0,3113.0,2101.0,116.0,0.0,0.0334511527193988
2020-05-10,India,67161.0,4353.0,2212.0,111.0,0.0,0.03293578118253153
2020-05-11,India,70768.0,3607.0,2294.0,82.0,0.0,0.0324157811440199
2020-05-12,India,74292.0,3524.0,2415.0,121.0,0.0,0.03250686480374738
2020-05-13,India,78055.0,3763.0,2551.0,136.0,0.0,0.032682083146499265
2020-05-14,India,81997.0,3942.0,2649.0,98.0,0.0,0.032306059977804065
2020-05-15,India,85784.0,3787.0,2753.0,104.0,0.0,0.03209223165159004
2020-05-16,India,90648.0,4864.0,2871.0,118.0,0.0,0.03167196187450357
2020-05-17,India,95698.0,5050.0,3025.0,154.0,0.0,0.03160985600535016
2020-05-18,India,100328.0,4630.0,3156.0,131.0,0.0,0.03145682162506977
2020-05-19,India,106475.0,6147.0,3302.0,146.0,0.0,0.031011974641934725
2020-05-20,India,112028.0,5553.0,3434.0,132.0,0.0,0.030653051022958545
2020-05-21,India,118226.0,6198.0,3584.0,150.0,0.0,0.030314820767005566
2020-05-22,India,124794.0,6568.0,3726.0,142.0,0.0,0.0298572046733016
2020-05-23,India,131423.0,6629.0,3868.0,142.0,0.0,0.029431682430016055
2020-05-24,India,138536.0,7113.0,4024.0,156.0,0.0,0.029046601605358897
2020-05-25,India,144950.0,6414.0,4172.0,148.0,0.0,0.028782338737495687
2020-05-26,India,150793.0,5843.0,4344.0,172.0,0.0,0.02880770327535098
2020-05-27,India,158086.0,7293.0,4534.0,190.0,0.0,0.028680591576736712
2020-05-28,India,165386.0,7300.0,4711.0,177.0,0.0,0.028484877801023063
2020-05-29,India,173491.0,8105.0,4980.0,269.0,0.0,0.028704659031304217
2020-05-30,India,181827.0,8336.0,5185.0,205.0,0.0,0.028516116968327038
2020-05-31,India,190609.0,8782.0,5408.0,223.0,0.0,0.02837221747136809
2020-06-01,India,198370.0,7761.0,5608.0,200.0,0.0,0.0282704037908958
2020-06-02,India,207191.0,8821.0,5829.0,221.0,0.0,0.02813346139552394
2020-06-03,India,216824.0,9633.0,6088.0,259.0,0.0,0.028078072538095415
2020-06-04,India,226713.0,9889.0,6363.0,275.0,0.0,0.028066321737174313
2020-06-05,India,236184.0,9471.0,6649.0,286.0,0.0,0.028151779968160418
2020-06-06,India,246622.0,10438.0,6946.0,297.0,0.0,0.028164559528347025
2020-06-07,India,257486.0,10864.0,7207.0,261.0,0.0,0.027989871293973265
2020-06-08,India,265928.0,8442.0,7473.0,266.0,0.0,0.028101591408200715
2020-06-09,India,276146.0,10218.0,7750.0,277.0,0.0,0.02806486423848254
2020-06-10,India,286605.0,10459.0,8102.0,352.0,0.0,0.028268871792187854
2020-06-11,India,297535.0,10930.0,8498.0,396.0,0.0,0.028561345724032468
2020-06-12,India,308993.0,11458.0,8884.0,386.0,0.0,0.028751460389070303
2020-06-13,India,320922.0,11929.0,9195.0,311.0,0.0,0.02865182193804102
2020-06-14,India,332424.0,11502.0,9520.0,325.0,0.0,0.028638124804466585
2020-06-15,India,343091.0,10667.0,9900.0,380.0,0.0,0.028855318268331143
2020-06-16,India,354065.0,10974.0,11903.0,2003.0,0.0,0.0336181209664892
2020-06-17,India,366946.0,12881.0,12237.0,334.0,0.0,0.03334823107487205
2020-06-18,India,380532.0,13586.0,12573.0,336.0,0.0,0.03304058528586295
2020-06-19,India,395048.0,14516.0,12948.0,375.0,0.0,0.032775763957797535
2020-06-20,India,410451.0,15403.0,13254.0,306.0,0.0,0.03229130882858124
2020-06-21,India,425282.0,14831.0,13699.0,445.0,0.0,0.032211567853800534
2020-06-22,India,440215.0,14933.0,14011.0,312.0,0.0,0.031827629680951354
2020-06-23,India,456183.0,15968.0,14476.0,465.0,0.0,0.031732879129647534
2020-06-24,India,473105.0,16922.0,14894.0,418.0,0.0,0.03148138362519948
2020-06-25,India,490401.0,17296.0,15301.0,407.0,0.0,0.031200996735324765
2020-06-26,India,508953.0,18552.0,15685.0,384.0,0.0,0.030818169850654185
2020-06-27,India,528859.0,19906.0,16095.0,410.0,0.0,0.030433442562195216
2020-06-28,India,548318.0,19459.0,16475.0,380.0,0.0,0.03004643290937011
2020-06-29,India,566840.0,18522.0,16893.0,418.0,0.0,0.029802060546185873
2020-06-30,India,585481.0,18641.0,17400.0,507.0,0.0,0.029719153994749618
2020-07-01,India,604641.0,19160.0,17834.0,434.0,0.0,0.029495188053737673
2020-07-02,India,625544.0,20903.0,18213.0,379.0,0.0,0.029115457905439106
2020-07-03,India,648315.0,22771.0,18655.0,442.0,0.0,0.028774592597734128
2020-07-04,India,673165.0,24850.0,19268.0,613.0,0.0,0.02862299733349179
2020-07-05,India,697413.0,24248.0,19693.0,425.0,0.0,0.028237213817350695
2020-07-06,India,719664.0,22251.0,20159.0,466.0,0.0,0.028011683229951755
2020-07-07,India,742417.0,22753.0,20642.0,483.0,0.0,0.02780378143280663
2020-07-08,India,767296.0,24879.0,21129.0,487.0,0.0,0.0275369609642172
2020-07-09,India,793802.0,26506.0,21604.0,475.0,0.0,0.027215854835336773
2020-07-10,India,820916.0,27114.0,22123.0,519.0,0.0,0.02694916410448816
2020-07-11,India,849522.0,28606.0,22673.0,550.0,0.0,0.026689126355762417
2020-07-12,India,878254.0,28732.0,23174.0,501.0,0.0,0.0263864440127799
2020-07-13,India,906752.0,28498.0,23727.0,553.0,0.0,0.026167022515527952
2020-07-14,India,936181.0,29429.0,24309.0,582.0,0.0,0.02596613261751734
2020-07-15,India,968857.0,32676.0,24914.0,605.0,0.0,0.025714837174113415
2020-07-16,India,1003832.0,34975.0,25602.0,688.0,0.0,0.025504267646379076
2020-07-17,India,1039084.0,35252.0,26273.0,671.0,0.0,0.02528477004746488
2020-07-18,India,1077781.0,38697.0,26816.0,543.0,0.0,0.024880750356519554
2020-07-19,India,1118206.0,40425.0,27497.0,681.0,0.0,0.024590281218308613
2020-07-20,India,1155338.0,37132.0,28082.0,585.0,0.0,0.024306306898933473
2020-07-21,India,1193078.0,37740.0,28732.0,650.0,0.0,0.024082247765862753
2020-07-22,India,1238798.0,45720.0,29861.0,1129.0,0.0,0.024104817734610484
2020-07-23,India,1288108.0,49310.0,30601.0,740.0,0.0,0.023756548363957058
2020-07-24,India,1337024.0,48916.0,31358.0,757.0,0.0,0.02345358048920588
2020-07-25,India,1385635.0,48611.0,32060.0,702.0,0.0,0.02313740631551599
2020-07-26,India,1435616.0,49981.0,32771.0,711.0,0.0,0.022827134832712925
2020-07-27,India,1480073.0,44457.0,33408.0,637.0,0.0,0.022571859631247918
2020-07-28,India,1531669.0,51596.0,34193.0,785.0,0.0,0.022324013869837414
2020-07-29,India,1581963.0,50294.0,34955.0,762.0,0.0,0.022095965582001602
2020-07-30,India,1634746.0,52783.0,35718.0,763.0,0.0,0.02184926587983699
2020-07-31,India,1695988.0,61242.0,36511.0,793.0,0.0,0.021527864583947526
2020-08-01,India,1750723.0,54735.0,37364.0,853.0,0.0,0.021342039831543883
2020-08-02,India,1803695.0,52972.0,38135.0,771.0,0.0,0.021142709826217847
2020-08-03,India,1855745.0,52050.0,38938.0,803.0,0.0,0.020982408682227352
2020-08-04,India,1908254.0,52509.0,39795.0,857.0,0.0,0.020854142058656763
2020-08-05,India,1964536.0,56282.0,40699.0,904.0,0.0,0.020716851205577296
2020-08-06,India,2027074.0,62538.0,41585.0,886.0,0.0,0.02051479127057029
2020-08-07,India,2088611.0,61537.0,42518.0,933.0,0.0,0.02035706984211038
2020-08-08,India,2153010.0,64399.0,43379.0,861.0,0.0,0.020148071769290437
2020-08-09,India,2215074.0,62064.0,44386.0,1007.0,0.0,0.020038156738781638
2020-08-10,India,2268675.0,53601.0,45257.0,871.0,0.0,0.01994864844016882
2020-08-11,India,2329638.0,60963.0,46091.0,834.0,0.0,0.019784618897871687
2020-08-12,India,2396637.0,66999.0,47033.0,942.0,0.0,0.019624582279252137
2020-08-13,India,2461190.0,64553.0,48040.0,1007.0,0.0,0.019519013160300504
2020-08-14,India,2525922.0,64732.0,49036.0,996.0,0.0,0.019413109351753537
2020-08-15,India,2589952.0,64030.0,49980.0,944.0,0.0,0.019297654937234357
2020-08-16,India,2647663.0,57711.0,50921.0,941.0,0.0,0.01923243252634493
2020-08-17,India,2702681.0,55018.0,51797.0,876.0,0.0,0.019165043895302478
2020-08-18,India,2767253.0,64572.0,52888.0,1091.0,0.0,0.019112094195940885
2020-08-19,India,2836925.0,69672.0,53866.0,978.0,0.0,0.018987460013923527
2020-08-20,India,2905825.0,68900.0,54849.0,983.0,0.0,0.018875534486763657
2020-08-21,India,2975701.0,69876.0,55794.0,945.0,0.0,0.018749867678237834
2020-08-22,India,3044940.0,69239.0,56706.0,912.0,0.0,0.01862302705472029
2020-08-23,India,3106348.0,61408.0,57542.0,836.0,0.0,0.018524003105897986
2020-08-24,India,3167323.0,60975.0,58390.0,848.0,0.0,0.018435126445897686
2020-08-25,India,3224547.0,57224.0,59357.0,967.0,0.0,0.018407856979600547
2020-08-26,India,3310234.0,85687.0,60472.0,1115.0,0.0,0.018268194937276338
2020-08-27,India,3387500.0,77266.0,61529.0,1057.0,0.0,0.018163542435424354
2020-08-28,India,3463972.0,76472.0,62550.0,1021.0,0.0,0.018057305313091444
2020-08-29,India,3542733.0,78761.0,63498.0,948.0,0.0,0.017923450624136788
2020-08-30,India,3621245.0,78512.0,64469.0,971.0,0.0,0.017802993169476245
2020-08-31,India,3691166.0,69921.0,65288.0,819.0,0.0,0.017687635831062597
2020-09-01,India,3769523.0,78357.0,66333.0,1045.0,0.0,0.017597186699749544
2020-09-02,India,3853406.0,83883.0,67376.0,1043.0,0.0,0.017484791376771613
2020-09-03,India,3936747.0,83341.0,68472.0,1096.0,0.0,0.017393040497649455
2020-09-04,India,4023179.0,86432.0,69561.0,1089.0,0.0,0.017290058433890216
2020-09-05,India,4113811.0,90632.0,70626.0,1065.0,0.0,0.017168022546490348
2020-09-06,India,4204613.0,90802.0,71642.0,1016.0,0.0,0.01703890465067772
2020-09-07,India,4280422.0,75809.0,72775.0,1133.0,0.0,0.01700182832440353
2020-09-08,India,4370128.0,89706.0,73890.0,1115.0,0.0,0.016907971574287983
2020-09-09,India,4465863.0,95735.0,75062.0,1172.0,0.0,0.016807949549728685
2020-09-10,India,4562414.0,96551.0,76271.0,1209.0,0.0,0.01671724661549785
2020-09-11,India,4659984.0,97570.0,77472.0,1201.0,0.0,0.016624949785235314
2020-09-12,India,4754356.0,94372.0,78586.0,1114.0,0.0,0.016529262848638177
2020-09-13,India,4846427.0,92071.0,79722.0,1136.0,0.0,0.01644964424306814
2020-09-14,India,4930236.0,83809.0,80776.0,1054.0,0.0,0.01638379988300763
2020-09-15,India,5020359.0,90123.0,82066.0,1290.0,0.0,0.01634663975225676
2020-09-16,India,5118253.0,97894.0,83198.0,1132.0,0.0,0.016255155811953807
2020-09-17,India,5214677.0,96424.0,84372.0,1174.0,0.0,0.016179717363127188
2020-09-18,India,5308014.0,93337.0,85619.0,1247.0,0.0,0.016130138315385
2020-09-19,India,5400619.0,92605.0,86752.0,1133.0,0.0,0.016063343850029044
2020-09-20,India,5487580.0,86961.0,87882.0,1130.0,0.0,0.016014709580543702
2020-09-21,India,5562663.0,75083.0,88935.0,1053.0,0.0,0.015987846108958963
2020-09-22,India,5646010.0,83347.0,90020.0,1085.0,0.0,0.01594400293304475
2020-09-23,India,5732518.0,86508.0,91149.0,1129.0,0.0,0.015900342571972734
2020-09-24,India,5818570.0,86052.0,92290.0,1141.0,0.0,0.015861285504857724
2020-09-25,India,5903932.0,85362.0,93379.0,1089.0,0.0,0.01581640845456892
2020-09-26,India,5992532.0,88600.0,94503.0,1124.0,0.0,0.01577012855333939
2020-09-27,India,6074702.0,82170.0,95542.0,1039.0,0.0,0.01572784969534308
2020-09-28,India,6145291.0,70589.0,96318.0,776.0,0.0,0.0156734644461914
2020-09-29,India,6225763.0,80472.0,97497.0,1179.0,0.0,0.01566024919355266
2020-09-30,India,6312584.0,86821.0,98678.0,1181.0,0.0,0.01563195040256098
2020-10-01,India,6394068.0,81484.0,99773.0,1095.0,0.0,0.015603994202126095
2020-10-02,India,6473544.0,79476.0,100842.0,1069.0,0.0,0.015577556899281135
2020-10-03,India,6549373.0,75829.0,101782.0,940.0,0.0,0.015540724280018866
2020-10-04,India,6623815.0,74442.0,102685.0,903.0,0.0,0.015502395522821818
2020-10-05,India,6685082.0,61267.0,103569.0,884.0,0.0,0.015492554915556758
2020-10-06,India,6757131.0,72049.0,104555.0,986.0,0.0,0.01547328296580309
2020-10-07,India,6835655.0,78524.0,105526.0,971.0,0.0,0.015437584254910465
2020-10-08,India,6906151.0,70496.0,106490.0,964.0,0.0,0.015419587553182663
2020-10-09,India,6979423.0,73272.0,107416.0,926.0,0.0,0.015390383990195178
2020-10-10,India,7053806.0,74383.0,108334.0,918.0,0.0,0.015358233555048154
2020-10-11,India,7120538.0,66732.0,109150.0,816.0,0.0,0.015328897900692336
2020-10-12,India,7175880.0,55342.0,109856.0,706.0,0.0,0.015309063139294414
2020-10-13,India,7239389.0,63509.0,110586.0,730.0,0.0,0.015275598534627715
2020-10-14,India,7307097.0,67708.0,111266.0,680.0,0.0,0.015227114133013425
2020-10-15,India,7370468.0,63371.0,112161.0,895.0,0.0,0.01521762254445715
2020-10-16,India,7432680.0,62212.0,112998.0,837.0,0.0,0.015202860879252168
2020-10-17,India,7494551.0,61871.0,114031.0,1033.0,0.0,0.015215187674351672
2020-10-18,India,7550273.0,55722.0,114610.0,579.0,0.0,0.015179583572673464
2020-10-19,India,7597063.0,46790.0,115197.0,587.0,0.0,0.015163359840506785
2020-10-20,India,7651107.0,54044.0,115914.0,717.0,0.0,0.015149964573753838
2020-10-21,India,7706946.0,55839.0,116616.0,702.0,0.0,0.015131285466383182
2020-10-22,India,7761312.0,54366.0,117306.0,690.0,0.0,0.015114197187279677
2020-10-23,India,7814682.0,53370.0,117956.0,650.0,0.0,0.015094152263649371
2020-10-24,India,7864811.0,50129.0,118534.0,578.0,0.0,0.015071436554546574
2020-10-25,India,7909959.0,45148.0,119014.0,480.0,0.0,0.015046095687727332
2020-10-26,India,7946429.0,36470.0,119502.0,488.0,0.0,0.01503845312152163
2020-10-27,India,7990322.0,43893.0,120010.0,508.0,0.0,0.015019419743034135
2020-10-28,India,8040203.0,49881.0,120527.0,517.0,0.0,0.01499054190547179
2020-10-29,India,8088851.0,48648.0,121090.0,563.0,0.0,0.014969987702827014
2020-10-30,India,8137119.0,48268.0,121641.0,551.0,0.0,0.01494890267673362
2020-10-31,India,8184082.0,46963.0,122111.0,470.0,0.0,0.014920549427535061
2020-11-01,India,8229313.0,45231.0,122607.0,496.0,0.0,0.014898813546161144
2020-11-02,India,8267623.0,38310.0,123097.0,490.0,0.0,0.014889043682809437
2020-11-03,India,8313876.0,46253.0,123611.0,514.0,0.0,0.01486803507774232
2020-11-04,India,8364086.0,50210.0,124315.0,704.0,0.0,0.014862950954832362
2020-11-05,India,8411724.0,47638.0,124985.0,670.0,0.0,0.014858428545682194
2020-11-06,India,8462080.0,50356.0,125562.0,577.0,0.0,0.014838195810013614
2020-11-07,India,8507754.0,45674.0,126121.0,559.0,0.0,0.0148242415095688
2020-11-08,India,8553657.0,45903.0,126611.0,490.0,0.0,0.014801973004061305
2020-11-09,India,8591730.0,38073.0,127059.0,448.0,0.0,0.01478852338236886
2020-11-10,India,8636011.0,44281.0,127571.0,512.0,0.0,0.014771982110722184
2020-11-11,India,8683916.0,47905.0,128121.0,550.0,0.0,0.014753827651027486
2020-11-12,India,8728795.0,44879.0,128668.0,547.0,0.0,0.014740637166985822
2020-11-13,India,8773479.0,44684.0,129188.0,520.0,0.0,0.01472483150640698
2020-11-14,India,8814579.0,41100.0,129635.0,447.0,0.0,0.014706885036710205
2020-11-15,India,8845127.0,30548.0,130070.0,435.0,0.0,0.014705272179811551
2020-11-16,India,8874290.0,29163.0,130519.0,449.0,0.0,0.014707542800607147
2020-11-17,India,8912907.0,38617.0,130993.0,474.0,0.0,0.014697000653097805
2020-11-18,India,8958483.0,45576.0,131578.0,585.0,0.0,0.014687531359941186
2020-11-19,India,9004365.0,45882.0,132162.0,584.0,0.0,0.014677548055859574
2020-11-20,India,9050597.0,46232.0,132726.0,564.0,0.0,0.014664888957048912
2020-11-21,India,9095806.0,45209.0,133227.0,501.0,0.0,0.014647080203777434
2020-11-22,India,9139865.0,44059.0,133738.0,511.0,0.0,0.014632382425779812
2020-11-23,India,9177840.0,37975.0,134218.0,480.0,0.0,0.01462413814143633
2020-11-24,India,9222216.0,44376.0,134699.0,481.0,0.0,0.014605925517250951
2020-11-25,India,9266705.0,44489.0,135223.0,524.0,0.0,0.014592349707905884
2020-11-26,India,9309787.0,43082.0,135715.0,492.0,0.0,0.014577669714677683
2020-11-27,India,9351109.0,41322.0,136200.0,485.0,0.0,0.014565117356668605
2020-11-28,India,9392919.0,41810.0,136696.0,496.0,0.0,0.01455309047166275
2020-11-29,India,9431691.0,38772.0,137139.0,443.0,0.0,0.014540234619645619
2020-11-30,India,9462809.0,31118.0,137621.0,482.0,0.0,0.014543355995032765
2020-12-01,India,9499413.0,36604.0,138122.0,501.0,0.0,0.014540056317164018
2020-12-02,India,9534964.0,35551.0,138648.0,526.0,0.0,0.014541009279112118
2020-12-03,India,9571559.0,36595.0,139188.0,540.0,0.0,0.014541831691159194
2020-12-04,India,9608211.0,36652.0,139700.0,512.0,0.0,0.01453964739117407
2020-12-05,India,9644222.0,36011.0,140182.0,482.0,0.0,0.014535335250474325
2020-12-06,India,9677203.0,32981.0,140573.0,391.0,0.0,0.014526201424109838
2020-12-07,India,9703770.0,26567.0,140958.0,385.0,0.0,0.014526106863621047
2020-12-08,India,9735850.0,32080.0,141360.0,402.0,0.0,0.014519533476789392
2020-12-09,India,9767371.0,31521.0,141772.0,412.0,0.0,0.014514857682788951
2020-12-10,India,9796744.0,29373.0,142185.0,413.0,0.0,0.014513495504220587
2020-12-11,India,9826775.0,30031.0,142628.0,443.0,0.0,0.014514222621358482
2020-12-12,India,9857029.0,30254.0,143019.0,391.0,0.0,0.014509341506451893
2020-12-13,India,9884100.0,27071.0,143355.0,336.0,0.0,0.014503596685585941
2020-12-14,India,9906165.0,22065.0,143709.0,354.0,0.0,0.014507026684897738
2020-12-15,India,9932547.0,26382.0,144096.0,387.0,0.0,0.014507457150718743
2020-12-16,India,9956557.0,24010.0,144451.0,355.0,0.0,0.014508127658988946
2020-12-17,India,9979447.0,22890.0,144789.0,338.0,0.0,0.014508719771746871
2020-12-18,India,10004599.0,25152.0,145136.0,347.0,0.0,0.014506928263691527
2020-12-19,India,10031223.0,26624.0,145477.0,341.0,0.0,0.014502419096853894
2020-12-20,India,10055560.0,24337.0,145810.0,333.0,0.0,0.014500435579917976
2020-12-21,India,10075116.0,19556.0,146111.0,301.0,0.0,0.014502165533379466
2020-12-22,India,10099066.0,23950.0,146444.0,333.0,0.0,0.014500746900753
2020-12-23,India,10123778.0,24712.0,146756.0,312.0,0.0,0.014496169315447257
2020-12-24,India,10146845.0,23067.0,147092.0,336.0,0.0,0.014496328661766292
2020-12-25,India,10169118.0,22273.0,147343.0,251.0,0.0,0.014489260523872375
2020-12-26,India,10187850.0,18732.0,147622.0,279.0,0.0,0.014490005251353327
2020-03-06,Kenya,0.0,0.0,0.0,0.0,0.0,0.0
2020-03-07,Kenya,0.0,0.0,0.0,0.0,0.0,0.0
2020-03-08,Kenya,0.0,0.0,0.0,0.0,0.0,0.0
2020-03-09,Kenya,0.0,0.0,0.0,0.0,0.0,0.0
2020-03-10,Kenya,0.0,0.0,0.0,0.0,0.0,0.0
2020-03-11,Kenya,0.0,0.0,0.0,0.0,0.0,0.0
2020-03-12,Kenya,0.0,0.0,0.0,0.0,0.0,0.0
2020-03-13,Kenya,1.0,1.0,0.0,0.0,0.0,0.0
2020-03-14,Kenya,1.0,0.0,0.0,0.0,0.0,0.0
2020-03-15,Kenya,3.0,2.0,0.0,0.0,0.0,0.0
2020-03-16,Kenya,3.0,0.0,0.0,0.0,0.0,0.0
2020-03-17,Kenya,3.0,0.0,0.0,0.0,0.0,0.0
2020-03-18,Kenya,3.0,0.0,0.0,0.0,0.0,0.0
2020-03-19,Kenya,7.0,4.0,0.0,0.0,0.0,0.0
2020-03-20,Kenya,7.0,0.0,0.0,0.0,0.0,0.0
2020-03-21,Kenya,7.0,0.0,0.0,0.0,0.0,0.0
2020-03-22,Kenya,15.0,8.0,0.0,0.0,0.0,0.0
2020-03-23,Kenya,16.0,1.0,0.0,0.0,0.0,0.0
2020-03-24,Kenya,25.0,9.0,0.0,0.0,0.0,0.0
2020-03-25,Kenya,28.0,3.0,0.0,0.0,0.0,0.0
2020-03-26,Kenya,31.0,3.0,1.0,1.0,0.0,0.03225806451612903
2020-03-27,Kenya,31.0,0.0,1.0,0.0,0.0,0.03225806451612903
2020-03-28,Kenya,38.0,7.0,1.0,0.0,0.0,0.02631578947368421
2020-03-29,Kenya,42.0,4.0,1.0,0.0,0.0,0.023809523809523808
2020-03-30,Kenya,50.0,8.0,1.0,0.0,0.0,0.02
2020-03-31,Kenya,59.0,9.0,1.0,0.0,0.0,0.01694915254237288
2020-04-01,Kenya,81.0,22.0,1.0,0.0,0.0,0.012345679012345678
2020-04-02,Kenya,110.0,29.0,3.0,2.0,0.0,0.02727272727272727
2020-04-03,Kenya,122.0,12.0,4.0,1.0,0.0,0.03278688524590164
2020-04-04,Kenya,126.0,4.0,4.0,0.0,0.0,0.031746031746031744
2020-04-05,Kenya,142.0,16.0,4.0,0.0,0.0,0.028169014084507043
2020-04-06,Kenya,158.0,16.0,6.0,2.0,0.0,0.0379746835443038
2020-04-07,Kenya,172.0,14.0,6.0,0.0,0.0,0.03488372093023256
2020-04-08,Kenya,179.0,7.0,6.0,0.0,0.0,0.0335195530726257
2020-04-09,Kenya,184.0,5.0,7.0,1.0,0.0,0.03804347826086957
2020-04-10,Kenya,189.0,5.0,7.0,0.0,0.0,0.037037037037037035
2020-04-11,Kenya,191.0,2.0,7.0,0.0,0.0,0.03664921465968586
2020-04-12,Kenya,197.0,6.0,8.0,1.0,0.0,0.04060913705583756
2020-04-13,Kenya,208.0,11.0,9.0,1.0,0.0,0.04326923076923077
2020-04-14,Kenya,216.0,8.0,9.0,0.0,0.0,0.041666666666666664
2020-04-15,Kenya,225.0,9.0,10.0,1.0,0.0,0.044444444444444446
2020-04-16,Kenya,234.0,9.0,11.0,1.0,0.0,0.04700854700854701
2020-04-17,Kenya,246.0,12.0,11.0,0.0,0.0,0.044715447154471545
2020-04-18,Kenya,262.0,16.0,12.0,1.0,0.0,0.04580152671755725
2020-04-19,Kenya,270.0,8.0,14.0,2.0,0.0,0.05185185185185185
2020-04-20,Kenya,281.0,11.0,14.0,0.0,0.0,0.0498220640569395
2020-04-21,Kenya,296.0,15.0,14.0,0.0,0.0,0.0472972972972973
2020-04-22,Kenya,303.0,7.0,14.0,0.0,0.0,0.0462046204620462
2020-04-23,Kenya,320.0,17.0,14.0,0.0,0.0,0.04375
2020-04-24,Kenya,336.0,16.0,14.0,0.0,0.0,0.041666666666666664
2020-04-25,Kenya,343.0,7.0,14.0,0.0,0.0,0.04081632653061224
2020-04-26,Kenya,355.0,12.0,14.0,0.0,0.0,0.03943661971830986
2020-04-27,Kenya,363.0,8.0,14.0,0.0,0.0,0.03856749311294766
2020-04-28,Kenya,374.0,11.0,14.0,0.0,0.0,0.0374331550802139
2020-04-29,Kenya,384.0,10.0,15.0,1.0,0.0,0.0390625
2020-04-30,Kenya,396.0,12.0,17.0,2.0,0.0,0.04292929292929293
2020-05-01,Kenya,411.0,15.0,21.0,4.0,0.0,0.051094890510948905
2020-05-02,Kenya,435.0,24.0,22.0,1.0,0.0,0.05057471264367816
2020-05-03,Kenya,465.0,30.0,24.0,2.0,0.0,0.05161290322580645
2020-05-04,Kenya,490.0,25.0,24.0,0.0,0.0,0.04897959183673469
2020-05-05,Kenya,535.0,45.0,24.0,0.0,0.0,0.044859813084112146
2020-05-06,Kenya,582.0,47.0,26.0,2.0,0.0,0.044673539518900345
2020-05-07,Kenya,607.0,25.0,29.0,3.0,0.0,0.047775947281713346
2020-05-08,Kenya,621.0,14.0,29.0,0.0,0.0,0.04669887278582931
2020-05-09,Kenya,649.0,28.0,30.0,1.0,0.0,0.046224961479198766
2020-05-10,Kenya,672.0,23.0,32.0,2.0,0.0,0.047619047619047616
2020-05-11,Kenya,700.0,28.0,33.0,1.0,0.0,0.047142857142857146
2020-05-12,Kenya,715.0,15.0,36.0,3.0,0.0,0.05034965034965035
2020-05-13,Kenya,737.0,22.0,40.0,4.0,0.0,0.054274084124830396
2020-05-14,Kenya,758.0,21.0,42.0,2.0,0.0,0.055408970976253295
2020-05-15,Kenya,781.0,23.0,45.0,3.0,0.0,0.05761843790012804
2020-05-16,Kenya,830.0,49.0,50.0,5.0,0.0,0.060240963855421686
2020-05-17,Kenya,887.0,57.0,50.0,0.0,0.0,0.05636978579481398
2020-05-18,Kenya,912.0,25.0,50.0,0.0,0.0,0.05482456140350877
2020-05-19,Kenya,963.0,51.0,50.0,0.0,0.0,0.05192107995846314
2020-05-20,Kenya,1029.0,66.0,50.0,0.0,0.0,0.04859086491739553
2020-05-21,Kenya,1109.0,80.0,50.0,0.0,0.0,0.04508566275924256
2020-05-22,Kenya,1161.0,52.0,50.0,0.0,0.0,0.04306632213608958
2020-05-23,Kenya,1192.0,31.0,50.0,0.0,0.0,0.04194630872483222
2020-05-24,Kenya,1214.0,22.0,51.0,1.0,0.0,0.042009884678747944
2020-05-25,Kenya,1286.0,72.0,52.0,1.0,0.0,0.04043545878693624
2020-05-26,Kenya,1348.0,62.0,52.0,0.0,0.0,0.03857566765578635
2020-05-27,Kenya,1471.0,123.0,55.0,3.0,0.0,0.037389530931339225
2020-05-28,Kenya,1618.0,147.0,58.0,3.0,0.0,0.03584672435105068
2020-05-29,Kenya,1745.0,127.0,62.0,4.0,0.0,0.03553008595988539
2020-05-30,Kenya,1888.0,143.0,63.0,1.0,0.0,0.03336864406779661
2020-05-31,Kenya,1962.0,74.0,64.0,1.0,0.0,0.0326197757390418
2020-06-01,Kenya,2021.0,59.0,69.0,5.0,0.0,0.03414151410192974
2020-06-02,Kenya,2093.0,72.0,71.0,2.0,0.0,0.03392259913999045
2020-06-03,Kenya,2216.0,123.0,74.0,3.0,0.0,0.033393501805054154
2020-06-04,Kenya,2340.0,124.0,78.0,4.0,0.0,0.03333333333333333
2020-06-05,Kenya,2474.0,134.0,79.0,1.0,0.0,0.03193209377526273
2020-06-06,Kenya,2600.0,126.0,83.0,4.0,0.0,0.03192307692307692
2020-06-07,Kenya,2767.0,167.0,84.0,1.0,0.0,0.030357788218286955
2020-06-08,Kenya,2872.0,105.0,85.0,1.0,0.0,0.029596100278551533
2020-06-09,Kenya,2989.0,117.0,88.0,3.0,0.0,0.029441284710605555
2020-06-10,Kenya,3094.0,105.0,89.0,1.0,0.0,0.028765352294764058
2020-06-11,Kenya,3215.0,121.0,92.0,3.0,0.0,0.028615863141524107
2020-06-12,Kenya,3305.0,90.0,96.0,4.0,0.0,0.029046898638426626
2020-06-13,Kenya,3457.0,152.0,100.0,4.0,0.0,0.028926815157651144
2020-06-14,Kenya,3594.0,137.0,103.0,3.0,0.0,0.028658875904284918
2020-06-15,Kenya,3727.0,133.0,104.0,1.0,0.0,0.02790448081566944
2020-06-16,Kenya,3860.0,133.0,105.0,1.0,0.0,0.027202072538860103
2020-06-17,Kenya,4044.0,184.0,107.0,2.0,0.0,0.02645895153313551
2020-06-18,Kenya,4257.0,213.0,117.0,10.0,0.0,0.02748414376321353
2020-06-19,Kenya,4374.0,117.0,119.0,2.0,0.0,0.027206218564243257
2020-06-20,Kenya,4478.0,104.0,121.0,2.0,0.0,0.027020991514068782
2020-06-21,Kenya,4738.0,260.0,123.0,2.0,0.0,0.025960320810468552
2020-06-22,Kenya,4797.0,59.0,125.0,2.0,0.0,0.02605795288722118
2020-06-23,Kenya,4952.0,155.0,128.0,3.0,0.0,0.025848142164781908
2020-06-24,Kenya,5206.0,254.0,130.0,2.0,0.0,0.024971187091817133
2020-06-25,Kenya,5384.0,178.0,132.0,2.0,0.0,0.02451708766716196
2020-06-26,Kenya,5533.0,149.0,137.0,5.0,0.0,0.0247605277426351
2020-06-27,Kenya,5811.0,278.0,141.0,4.0,0.0,0.024264326277749097
2020-06-28,Kenya,6070.0,259.0,143.0,2.0,0.0,0.023558484349258647
2020-06-29,Kenya,6190.0,120.0,144.0,1.0,0.0,0.023263327948303717
2020-06-30,Kenya,6366.0,176.0,148.0,4.0,0.0,0.023248507697141062
2020-07-01,Kenya,6673.0,307.0,149.0,1.0,0.0,0.022328787651730856
2020-07-02,Kenya,6941.0,268.0,152.0,3.0,0.0,0.021898861835470393
2020-07-03,Kenya,7188.0,247.0,154.0,2.0,0.0,0.02142459654980523
2020-07-04,Kenya,7577.0,389.0,159.0,5.0,0.0,0.020984558532400686
2020-07-05,Kenya,7886.0,309.0,160.0,1.0,0.0,0.02028911995942176
2020-07-06,Kenya,8067.0,181.0,164.0,4.0,0.0,0.020329738440560307
2020-07-07,Kenya,8250.0,183.0,167.0,3.0,0.0,0.020242424242424242
2020-07-08,Kenya,8528.0,278.0,169.0,2.0,0.0,0.019817073170731708
2020-07-09,Kenya,8975.0,447.0,173.0,4.0,0.0,0.019275766016713092
2020-07-10,Kenya,9448.0,473.0,181.0,8.0,0.0,0.01915749364944962
2020-07-11,Kenya,9726.0,278.0,184.0,3.0,0.0,0.018918363150318734
2020-07-12,Kenya,10105.0,379.0,185.0,1.0,0.0,0.01830776843146957
2020-07-13,Kenya,10294.0,189.0,197.0,12.0,0.0,0.019137361569846512
2020-07-14,Kenya,10791.0,497.0,202.0,5.0,0.0,0.018719303122972847
2020-07-15,Kenya,11252.0,461.0,209.0,7.0,0.0,0.018574475648773552
2020-07-16,Kenya,11673.0,421.0,217.0,8.0,0.0,0.01858990833547503
2020-07-17,Kenya,12062.0,389.0,222.0,5.0,0.0,0.018404907975460124
2020-07-18,Kenya,12750.0,688.0,225.0,3.0,0.0,0.01764705882352941
2020-07-19,Kenya,13353.0,603.0,234.0,9.0,0.0,0.017524151875982927
2020-07-20,Kenya,13771.0,418.0,238.0,4.0,0.0,0.01728269551957011
2020-07-21,Kenya,14168.0,397.0,250.0,12.0,0.0,0.017645398080180688
2020-07-22,Kenya,14805.0,637.0,260.0,10.0,0.0,0.017561634582911177
2020-07-23,Kenya,15601.0,796.0,263.0,3.0,0.0,0.016857893724761232
2020-07-24,Kenya,16268.0,667.0,274.0,11.0,0.0,0.016842881731005656
2020-07-25,Kenya,16643.0,375.0,278.0,4.0,0.0,0.016703719281379557
2020-07-26,Kenya,17603.0,960.0,280.0,2.0,0.0,0.01590637959438732
2020-07-27,Kenya,17975.0,372.0,285.0,5.0,0.0,0.015855354659248956
2020-07-28,Kenya,18581.0,606.0,299.0,14.0,0.0,0.016091706581992358
2020-07-29,Kenya,19125.0,544.0,311.0,12.0,0.0,0.016261437908496733
2020-07-30,Kenya,19913.0,788.0,325.0,14.0,0.0,0.01632099633405313
2020-07-31,Kenya,20636.0,723.0,341.0,16.0,0.0,0.01652452025586354
2020-08-01,Kenya,21363.0,727.0,364.0,23.0,0.0,0.017038805411225016
2020-08-02,Kenya,22053.0,690.0,369.0,5.0,0.0,0.01673241735818256
2020-08-03,Kenya,22597.0,544.0,382.0,13.0,0.0,0.016904898880382352
2020-08-04,Kenya,23202.0,605.0,388.0,6.0,0.0,0.01672269631928282
2020-08-05,Kenya,23873.0,671.0,391.0,3.0,0.0,0.016378335357935744
2020-08-06,Kenya,24411.0,538.0,399.0,8.0,0.0,0.016345090328130762
2020-08-07,Kenya,25138.0,727.0,413.0,14.0,0.0,0.01642931020765375
2020-08-08,Kenya,25837.0,699.0,418.0,5.0,0.0,0.016178348879513877
2020-08-09,Kenya,26436.0,599.0,420.0,2.0,0.0,0.015887426236949616
2020-08-10,Kenya,26928.0,492.0,423.0,3.0,0.0,0.01570855614973262
2020-08-11,Kenya,27425.0,497.0,438.0,15.0,0.0,0.015970829535095717
2020-08-12,Kenya,28104.0,679.0,456.0,18.0,0.0,0.016225448334756618
2020-08-13,Kenya,28754.0,650.0,460.0,4.0,0.0,0.01599777422271684
2020-08-14,Kenya,29334.0,580.0,465.0,5.0,0.0,0.01585191245653508
2020-08-15,Kenya,29849.0,515.0,472.0,7.0,0.0,0.015812925056115784
2020-08-16,Kenya,30120.0,271.0,474.0,2.0,0.0,0.015737051792828687
2020-08-17,Kenya,30365.0,245.0,482.0,8.0,0.0,0.01587353861353532
2020-08-18,Kenya,30636.0,271.0,487.0,5.0,0.0,0.015896331113722417
2020-08-19,Kenya,31015.0,379.0,506.0,19.0,0.0,0.01631468644204417
2020-08-20,Kenya,31441.0,426.0,516.0,10.0,0.0,0.016411691740084604
2020-08-21,Kenya,31763.0,322.0,532.0,16.0,0.0,0.016749047634039605
2020-08-22,Kenya,32118.0,355.0,542.0,10.0,0.0,0.016875272432903668
2020-08-23,Kenya,32364.0,246.0,548.0,6.0,0.0,0.016932394018044743
2020-08-24,Kenya,32557.0,193.0,554.0,6.0,0.0,0.017016309856559265
2020-08-25,Kenya,32803.0,246.0,559.0,5.0,0.0,0.017041124287412737
2020-08-26,Kenya,33016.0,213.0,564.0,5.0,0.0,0.017082626605282286
2020-08-27,Kenya,33389.0,373.0,567.0,3.0,0.0,0.016981640660097636
2020-08-28,Kenya,33630.0,241.0,567.0,0.0,0.0,0.016859946476360393
2020-08-29,Kenya,33794.0,164.0,572.0,5.0,0.0,0.016926081552938392
2020-08-30,Kenya,34057.0,263.0,574.0,2.0,0.0,0.016854097542355465
2020-08-31,Kenya,34201.0,144.0,577.0,3.0,0.0,0.016870851729481592
2020-09-01,Kenya,34315.0,114.0,577.0,0.0,0.0,0.016814804021564912
2020-09-02,Kenya,34493.0,178.0,581.0,4.0,0.0,0.01684399733279216
2020-09-03,Kenya,34705.0,212.0,585.0,4.0,0.0,0.01685636075493445
2020-09-04,Kenya,34884.0,179.0,589.0,4.0,0.0,0.016884531590413945
2020-09-05,Kenya,35020.0,136.0,594.0,5.0,0.0,0.016961736150770988
2020-09-06,Kenya,35103.0,83.0,597.0,3.0,0.0,0.017007093410819588
2020-09-07,Kenya,35205.0,102.0,599.0,2.0,0.0,0.017014628603891493
2020-09-08,Kenya,35356.0,151.0,599.0,0.0,0.0,0.016941961760380132
2020-09-09,Kenya,35460.0,104.0,607.0,8.0,0.0,0.017117879300620416
2020-09-10,Kenya,35603.0,143.0,612.0,5.0,0.0,0.017189562677302473
2020-09-11,Kenya,35793.0,190.0,616.0,4.0,0.0,0.017210069007906573
2020-09-12,Kenya,35969.0,176.0,619.0,3.0,0.0,0.017209263532486307
2020-09-13,Kenya,36157.0,188.0,622.0,3.0,0.0,0.017202754653317477
2020-09-14,Kenya,36205.0,48.0,624.0,2.0,0.0,0.017235188509874325
2020-09-15,Kenya,36301.0,96.0,634.0,10.0,0.0,0.017465083606512218
2020-09-16,Kenya,36301.0,0.0,634.0,0.0,0.0,0.017465083606512218
2020-09-17,Kenya,36576.0,275.0,642.0,8.0,0.0,0.01755249343832021
2020-09-18,Kenya,36724.0,148.0,646.0,4.0,0.0,0.017590676396906656
2020-09-19,Kenya,36829.0,105.0,646.0,0.0,0.0,0.01754052512965326
2020-09-20,Kenya,36981.0,152.0,648.0,2.0,0.0,0.017522511559990267
2020-09-21,Kenya,37079.0,98.0,650.0,2.0,0.0,0.017530138353245774
2020-09-22,Kenya,37218.0,139.0,659.0,9.0,0.0,0.01770648610887205
2020-09-23,Kenya,37348.0,130.0,664.0,5.0,0.0,0.01777872978472743
2020-09-24,Kenya,37489.0,141.0,669.0,5.0,0.0,0.017845234602149963
2020-09-25,Kenya,37707.0,218.0,682.0,13.0,0.0,0.018086827379531652
2020-09-26,Kenya,37871.0,164.0,689.0,7.0,0.0,0.01819334055081725
2020-09-27,Kenya,38115.0,244.0,691.0,2.0,0.0,0.018129345402072675
2020-09-28,Kenya,38168.0,53.0,700.0,9.0,0.0,0.01833997065604695
2020-09-29,Kenya,38378.0,210.0,707.0,7.0,0.0,0.018422012611391942
2020-09-30,Kenya,38529.0,151.0,711.0,4.0,0.0,0.018453632328895117
2020-10-01,Kenya,38713.0,184.0,711.0,0.0,0.0,0.018365923591558392
2020-10-02,Kenya,38923.0,210.0,725.0,14.0,0.0,0.018626519024741155
2020-10-03,Kenya,39184.0,261.0,728.0,3.0,0.0,0.01857901184156799
2020-10-04,Kenya,39427.0,243.0,731.0,3.0,0.0,0.018540594009181524
2020-10-05,Kenya,39449.0,22.0,735.0,4.0,0.0,0.018631650992420593
2020-10-06,Kenya,39586.0,137.0,743.0,8.0,0.0,0.018769261860253624
2020-10-07,Kenya,39907.0,321.0,748.0,5.0,0.0,0.018743578820758264
2020-10-08,Kenya,40178.0,271.0,751.0,3.0,0.0,0.01869182139479317
2020-10-09,Kenya,40620.0,442.0,755.0,4.0,0.0,0.018586903003446578
2020-10-10,Kenya,41158.0,538.0,760.0,5.0,0.0,0.018465425919626802
2020-10-11,Kenya,41546.0,388.0,766.0,6.0,0.0,0.018437394695036826
2020-10-12,Kenya,41619.0,73.0,777.0,11.0,0.0,0.018669357745260576
2020-10-13,Kenya,41937.0,318.0,787.0,10.0,0.0,0.018766244605002744
2020-10-14,Kenya,42541.0,604.0,797.0,10.0,0.0,0.01873486753955008
2020-10-15,Kenya,43143.0,602.0,805.0,8.0,0.0,0.018658878612984726
2020-10-16,Kenya,43580.0,437.0,813.0,8.0,0.0,0.018655346489215237
2020-10-17,Kenya,44196.0,616.0,825.0,12.0,0.0,0.018666847678522943
2020-10-18,Kenya,44881.0,685.0,832.0,7.0,0.0,0.01853791136561128
2020-10-19,Kenya,45076.0,195.0,839.0,7.0,0.0,0.01861300914011891
2020-10-20,Kenya,45647.0,571.0,842.0,3.0,0.0,0.01844590005914956
2020-10-21,Kenya,46144.0,497.0,858.0,16.0,0.0,0.01859396671289875
2020-10-22,Kenya,47212.0,1068.0,870.0,12.0,0.0,0.018427518427518427
2020-10-23,Kenya,47843.0,631.0,884.0,14.0,0.0,0.018477102188407916
2020-10-24,Kenya,48790.0,947.0,896.0,12.0,0.0,0.01836441893830703
2020-10-25,Kenya,49721.0,931.0,902.0,6.0,0.0,0.018141228052533136
2020-10-26,Kenya,49997.0,276.0,920.0,18.0,0.0,0.018401104066243974
2020-10-27,Kenya,50833.0,836.0,934.0,14.0,0.0,0.01837389097633427
2020-10-28,Kenya,51851.0,1018.0,934.0,0.0,0.0,0.01801315307322906
2020-10-29,Kenya,52612.0,761.0,964.0,30.0,0.0,0.01832281608758458
2020-10-30,Kenya,53797.0,1185.0,981.0,17.0,0.0,0.01823521757718832
2020-10-31,Kenya,55192.0,1395.0,981.0,0.0,0.0,0.01777431511813306
2020-11-01,Kenya,55877.0,685.0,1013.0,32.0,0.0,0.018129104998478803
2020-11-02,Kenya,56601.0,724.0,1027.0,14.0,0.0,0.01814455574989841
2020-11-03,Kenya,57093.0,492.0,1039.0,12.0,0.0,0.018198378084879056
2020-11-04,Kenya,58587.0,1494.0,1051.0,12.0,0.0,0.01793913325481762
2020-11-05,Kenya,59595.0,1008.0,1072.0,21.0,0.0,0.01798808624884638
2020-11-06,Kenya,60704.0,1109.0,1093.0,21.0,0.0,0.0180054032683184
2020-11-07,Kenya,61769.0,1065.0,1103.0,10.0,0.0,0.017856853761595622
2020-11-08,Kenya,62488.0,719.0,1111.0,8.0,0.0,0.017779413647420306
2020-11-09,Kenya,63244.0,756.0,1130.0,19.0,0.0,0.017867307570678642
2020-11-10,Kenya,64588.0,1344.0,1154.0,24.0,0.0,0.017867096054994737
2020-11-11,Kenya,65804.0,1216.0,1180.0,26.0,0.0,0.01793204060543432
2020-11-12,Kenya,66723.0,919.0,1203.0,23.0,0.0,0.018029764848702848
2020-11-13,Kenya,68193.0,1470.0,1228.0,25.0,0.0,0.018007713401668794
2020-11-14,Kenya,69273.0,1080.0,1228.0,0.0,0.0,0.01772696432953676
2020-11-15,Kenya,70245.0,972.0,1269.0,41.0,0.0,0.01806534272901986
2020-11-16,Kenya,70804.0,559.0,1287.0,18.0,0.0,0.01817693915597989
2020-11-17,Kenya,71729.0,925.0,1302.0,15.0,0.0,0.018151654142675906
2020-11-18,Kenya,72686.0,957.0,1313.0,11.0,0.0,0.018064001320749524
2020-11-19,Kenya,74145.0,1459.0,1330.0,17.0,0.0,0.017937824533009645
2020-11-20,Kenya,75193.0,1048.0,1349.0,19.0,0.0,0.01794049978056468
2020-11-21,Kenya,76404.0,1211.0,1366.0,17.0,0.0,0.017878645097115335
2020-11-22,Kenya,77372.0,968.0,1380.0,14.0,0.0,0.0178359096313912
2020-11-23,Kenya,77785.0,413.0,1392.0,12.0,0.0,0.01789548113389471
2020-11-24,Kenya,78512.0,727.0,1409.0,17.0,0.0,0.01794630120236397
2020-11-25,Kenya,79322.0,810.0,1417.0,8.0,0.0,0.0178638965230327
2020-11-26,Kenya,80102.0,780.0,1427.0,10.0,0.0,0.017814786147661733
2020-11-27,Kenya,81656.0,1554.0,1441.0,14.0,0.0,0.01764720289997061
2020-11-28,Kenya,82605.0,949.0,1445.0,4.0,0.0,0.017492887839719147
2020-11-29,Kenya,83316.0,711.0,1452.0,7.0,0.0,0.017427624945988766
2020-11-30,Kenya,83618.0,302.0,1469.0,17.0,0.0,0.017567987753832906
2020-12-01,Kenya,84169.0,551.0,1474.0,5.0,0.0,0.01751238579524528
2020-12-02,Kenya,85130.0,961.0,1484.0,10.0,0.0,0.01743216257488547
2020-12-03,Kenya,86383.0,1253.0,1500.0,16.0,0.0,0.01736452774272716
2020-12-04,Kenya,87249.0,866.0,1506.0,6.0,0.0,0.01726094281882887
2020-12-05,Kenya,87984.0,735.0,1518.0,12.0,0.0,0.017253136933987997
2020-12-06,Kenya,88380.0,396.0,1526.0,8.0,0.0,0.017266349852907897
2020-12-07,Kenya,88579.0,199.0,1531.0,5.0,0.0,0.01728400636719764
2020-12-08,Kenya,89100.0,521.0,1545.0,14.0,0.0,0.01734006734006734
2020-12-09,Kenya,89661.0,561.0,1552.0,7.0,0.0,0.017309644103902476
2020-12-10,Kenya,90305.0,644.0,1568.0,16.0,0.0,0.017363379657826257
2020-12-11,Kenya,90978.0,673.0,1582.0,14.0,0.0,0.01738881927498956
2020-12-12,Kenya,91526.0,548.0,1586.0,4.0,0.0,0.017328409413718507
2020-12-13,Kenya,91892.0,366.0,1587.0,1.0,0.0,0.017270273799677882
2020-12-14,Kenya,92055.0,163.0,1593.0,6.0,0.0,0.01730487208733909
2020-12-15,Kenya,92459.0,404.0,1604.0,11.0,0.0,0.01734823002628192
2020-12-16,Kenya,92853.0,394.0,1614.0,10.0,0.0,0.01738231398016219
2020-12-17,Kenya,93405.0,552.0,1618.0,4.0,0.0,0.017322413147047803
2020-12-18,Kenya,93761.0,356.0,1629.0,11.0,0.0,0.017373961455189258
2020-12-19,Kenya,94151.0,390.0,1633.0,4.0,0.0,0.017344478550413697
2020-12-20,Kenya,94500.0,349.0,1639.0,6.0,0.0,0.017343915343915346
2020-12-21,Kenya,94614.0,114.0,1644.0,5.0,0.0,0.01737586403703469
2020-12-22,Kenya,94768.0,154.0,1647.0,3.0,0.0,0.01737928414654736
2020-12-23,Kenya,95195.0,427.0,1648.0,1.0,0.0,0.01731183360470613
2020-12-24,Kenya,95431.0,236.0,1652.0,4.0,0.0,0.01731093669771877
2020-12-25,Kenya,95713.0,282.0,1653.0,1.0,0.0,0.017270381243927158
2020-12-26,Kenya,95843.0,130.0,1655.0,2.0,0.0,0.017267823419550722
2020-01-22,United States,1.0,0.0,0.0,0.0,0.0,0.0
2020-01-23,United States,1.0,0.0,0.0,0.0,0.0,0.0
2020-01-24,United States,2.0,1.0,0.0,0.0,0.0,0.0
2020-01-25,United States,2.0,0.0,0.0,0.0,0.0,0.0
2020-01-26,United States,5.0,3.0,0.0,0.0,0.0,0.0
2020-01-27,United States,5.0,0.0,0.0,0.0,0.0,0.0
2020-01-28,United States,5.0,0.0,0.0,0.0,0.0,0.0
2020-01-29,United States,6.0,1.0,0.0,0.0,0.0,0.0
2020-01-30,United States,6.0,0.0,0.0,0.0,0.0,0.0
2020-01-31,United States,8.0,2.0,0.0,0.0,0.0,0.0
2020-02-01,United States,8.0,0.0,0.0,0.0,0.0,0.0
2020-02-02,United States,8.0,0.0,0.0,0.0,0.0,0.0
2020-02-03,United States,11.0,3.0,0.0,0.0,0.0,0.0
2020-02-04,United States,11.0,0.0,0.0,0.0,0.0,0.0
2020-02-05,United States,11.0,0.0,0.0,0.0,0.0,0.0
2020-02-06,United States,12.0,1.0,0.0,0.0,0.0,0.0
2020-02-07,United States,12.0,0.0,0.0,0.0,0.0,0.0
2020-02-08,United States,12.0,0.0,0.0,0.0,0.0,0.0
2020-02-09,United States,12.0,0.0,0.0,0.0,0.0,0.0
2020-02-10,United States,12.0,0.0,0.0,0.0,0.0,0.0
2020-02-11,United States,13.0,1.0,0.0,0.0,0.0,0.0
2020-02-12,United States,13.0,0.0,0.0,0.0,0.0,0.0
2020-02-13,United States,14.0,1.0,0.0,0.0,0.0,0.0
2020-02-14,United States,14.0,0.0,0.0,0.0,0.0,0.0
2020-02-15,United States,14.0,0.0,0.0,0.0,0.0,0.0
2020-02-16,United States,14.0,0.0,0.0,0.0,0.0,0.0
2020-02-17,United States,14.0,0.0,0.0,0.0,0.0,0.0
2020-02-18,United States,14.0,0.0,0.0,0.0,0.0,0.0
2020-02-19,United States,14.0,0.0,0.0,0.0,0.0,0.0
2020-02-20,United States,14.0,0.0,0.0,0.0,0.0,0.0
2020-02-21,United States,16.0,2.0,0.0,0.0,0.0,0.0
2020-02-22,United States,16.0,0.0,0.0,0.0,0.0,0.0
2020-02-23,United States,16.0,0.0,0.0,0.0,0.0,0.0
2020-02-24,United States,16.0,0.0,0.0,0.0,0.0,0.0
2020-02-25,United States,16.0,0.0,0.0,0.0,0.0,0.0
2020-02-26,United States,16.0,0.0,0.0,0.0,0.0,0.0
2020-02-27,United States,17.0,1.0,0.0,0.0,0.0,0.0
2020-02-28,United States,17.0,0.0,0.0,0.0,0.0,0.0
2020-02-29,United States,25.0,8.0,1.0,1.0,0.0,0.04
2020-03-01,United States,32.0,7.0,1.0,0.0,0.0,0.03125
2020-03-02,United States,55.0,23.0,6.0,5.0,0.0,0.10909090909090909
2020-03-03,United States,74.0,19.0,7.0,1.0,0.0,0.0945945945945946
2020-03-04,United States,107.0,33.0,11.0,4.0,0.0,0.102803738317757
2020-03-05,United States,184.0,77.0,12.0,1.0,0.0,0.06521739130434782
2020-03-06,United States,237.0,53.0,14.0,2.0,0.0,0.05907172995780591
2020-03-07,United States,403.0,166.0,17.0,3.0,0.0,0.04218362282878412
2020-03-08,United States,519.0,116.0,21.0,4.0,0.0,0.04046242774566474
2020-03-09,United States,594.0,75.0,22.0,1.0,0.0,0.037037037037037035
2020-03-10,United States,782.0,188.0,28.0,6.0,0.0,0.03580562659846547
2020-03-11,United States,1147.0,365.0,33.0,5.0,0.0,0.02877070619006103
2020-03-12,United States,1586.0,439.0,43.0,10.0,0.0,0.02711223203026482
2020-03-13,United States,2219.0,633.0,51.0,8.0,0.0,0.02298332582244254
2020-03-14,United States,2978.0,759.0,58.0,7.0,0.0,0.019476158495634655
2020-03-15,United States,3212.0,234.0,70.0,12.0,0.0,0.021793275217932753
2020-03-16,United States,4679.0,1467.0,97.0,27.0,0.0,0.020730925411412696
2020-03-17,United States,6512.0,1833.0,133.0,36.0,0.0,0.020423832923832923
2020-03-18,United States,9169.0,2657.0,192.0,59.0,0.0,0.020940124331988223
2020-03-19,United States,13663.0,4494.0,264.0,72.0,0.0,0.019322257190953672
2020-03-20,United States,20030.0,6367.0,367.0,103.0,0.0,0.018322516225661507
2020-03-21,United States,26025.0,5995.0,466.0,99.0,0.0,0.017905859750240154
2020-03-22,United States,34855.0,8830.0,576.0,110.0,0.0,0.01652560608234113
2020-03-23,United States,46086.0,11231.0,763.0,187.0,0.0,0.016556003992535696
2020-03-24,United States,56698.0,10612.0,1004.0,241.0,0.0,0.01770785565628417
2020-03-25,United States,68773.0,12075.0,1330.0,326.0,0.0,0.01933898477600221
2020-03-26,United States,86613.0,17840.0,1742.0,412.0,0.0,0.020112454250516665
2020-03-27,United States,105293.0,18680.0,2263.0,521.0,0.0,0.0214924069026431
2020-03-28,United States,124900.0,19607.0,2898.0,635.0,0.0,0.023202562049639712
2020-03-29,United States,143779.0,18879.0,3490.0,592.0,0.0,0.024273363982222716
2020-03-30,United States,165861.0,22082.0,4187.0,697.0,0.0,0.02524402963927626
2020-03-31,United States,192177.0,26316.0,5278.0,1091.0,0.0,0.027464264714299837
2020-04-01,United States,218060.0,25883.0,6535.0,1257.0,0.0,0.02996881592222324
2020-04-02,United States,248447.0,30387.0,8031.0,1496.0,0.0,0.032324801667961374
2020-04-03,United States,280417.0,31970.0,9436.0,1405.0,0.0,0.03364988570593081
2020-04-04,United States,313432.0,33015.0,10982.0,1546.0,0.0,0.03503790295821741
2020-04-05,United States,341629.0,28197.0,12562.0,1580.0,0.0,0.03677088303393447
2020-04-06,United States,371802.0,30173.0,14318.0,1756.0,0.0,0.03850974443386534
2020-04-07,United States,403212.0,31410.0,16895.0,2577.0,0.0,0.041901034691427835
2020-04-08,United States,435407.0,32195.0,19037.0,2142.0,0.0,0.04372231039004885
2020-04-09,United States,469989.0,34582.0,21244.0,2207.0,0.0,0.04520105789709972
2020-04-10,United States,503474.0,33485.0,23461.0,2217.0,0.0,0.04659823546002376
2020-04-11,United States,532782.0,29308.0,25597.0,2136.0,0.0,0.04804404052689468
2020-04-12,United States,559709.0,26927.0,27415.0,1818.0,0.0,0.04898080967073962
2020-04-13,United States,585518.0,25809.0,29372.0,1957.0,0.0,0.05016412817368552
2020-04-14,United States,614082.0,28564.0,31819.0,2447.0,0.0,0.051815555577268184
2020-04-15,United States,644247.0,30165.0,34415.0,2596.0,0.0,0.053418952668774555
2020-04-16,United States,675648.0,31401.0,36576.0,2161.0,0.0,0.05413469735720375
2020-04-17,United States,708317.0,32669.0,38662.0,2086.0,0.0,0.054582905676413246
2020-04-18,United States,736244.0,27927.0,40636.0,1974.0,0.0,0.055193658624043115
2020-04-19,United States,761933.0,25689.0,42572.0,1936.0,0.0,0.05587367918176533
2020-04-20,United States,790353.0,28420.0,44769.0,2197.0,0.0,0.056644309568003155
2020-04-21,United States,816413.0,26060.0,47308.0,2539.0,0.0,0.05794616205278456
2020-04-22,United States,845727.0,29314.0,49735.0,2427.0,0.0,0.05880739292939684
2020-04-23,United States,878911.0,33184.0,52189.0,2454.0,0.0,0.059379163533053975
2020-04-24,United States,912662.0,33751.0,54351.0,2162.0,0.0,0.059552167176895716
2020-04-25,United States,944234.0,31572.0,56056.0,1705.0,0.0,0.05936664004897091
2020-04-26,United States,971078.0,26844.0,57400.0,1344.0,0.0,0.05910956689369958
2020-04-27,United States,994265.0,23187.0,58862.0,1462.0,0.0,0.059201520721336866
2020-04-28,United States,1018926.0,24661.0,61086.0,2224.0,0.0,0.059951360550226415
2020-04-29,United States,1046737.0,27811.0,63605.0,2519.0,0.0,0.06076502502538842
2020-04-30,United States,1076224.0,29487.0,66016.0,2411.0,0.0,0.061340390104662225
2020-05-01,United States,1110464.0,34240.0,67899.0,1883.0,0.0,0.06114471067949974
2020-05-02,United States,1138228.0,27764.0,69591.0,1692.0,0.0,0.06113977164504827
2020-05-03,United States,1162685.0,24457.0,70708.0,1117.0,0.0,0.0608144080296899
2020-05-04,United States,1186067.0,23382.0,72031.0,1323.0,0.0,0.06073097051009766
2020-05-05,United States,1210577.0,24510.0,74316.0,2285.0,0.0,0.0613889079339852
2020-05-06,United States,1235666.0,25089.0,76665.0,2349.0,0.0,0.062043464819781395
2020-05-07,United States,1263402.0,27736.0,78587.0,1922.0,0.0,0.062202687663942276
2020-05-08,United States,1290151.0,26749.0,80332.0,1745.0,0.0,0.062265579765469314
2020-05-09,United States,1315099.0,24948.0,81867.0,1535.0,0.0,0.06225158714286909
2020-05-10,United States,1333970.0,18871.0,82778.0,911.0,0.0,0.06205386927742003
2020-05-11,United States,1353397.0,19427.0,83776.0,998.0,0.0,0.06190053620630163
2020-05-12,United States,1376122.0,22725.0,85392.0,1616.0,0.0,0.06205263777484845
2020-05-13,United States,1397085.0,20963.0,87133.0,1741.0,0.0,0.06236771563648597
2020-05-14,United States,1424243.0,27158.0,88915.0,1782.0,0.0,0.062429655613543474
2020-05-15,United States,1449498.0,25255.0,90584.0,1669.0,0.0,0.06249335977007212
2020-05-16,United States,1473514.0,24016.0,91855.0,1271.0,0.0,0.06233737853864978
2020-05-17,United States,1491829.0,18315.0,92617.0,762.0,0.0,0.06208285265938657
2020-05-18,United States,1513816.0,21987.0,93794.0,1177.0,0.0,0.061958652834954844
2020-05-19,United States,1534871.0,21055.0,95291.0,1497.0,0.0,0.06208404484806866
2020-05-20,United States,1557933.0,23062.0,96807.0,1516.0,0.0,0.06213810221620571
2020-05-21,United States,1583798.0,25865.0,98013.0,1206.0,0.0,0.06188478581233213
2020-05-22,United States,1607109.0,23311.0,99256.0,1243.0,0.0,0.06176058997865111
2020-05-23,United States,1628212.0,21103.0,100399.0,1143.0,0.0,0.061662117709487464
2020-05-24,United States,1648158.0,19946.0,101016.0,617.0,0.0,0.06129024037743954
2020-05-25,United States,1666505.0,18347.0,101572.0,556.0,0.0,0.060949112063870194
2020-05-26,United States,1685956.0,19451.0,102233.0,661.0,0.0,0.06063800004270574
2020-05-27,United States,1704489.0,18533.0,103731.0,1498.0,0.0,0.060857535601579124
2020-05-28,United States,1727357.0,22868.0,104908.0,1177.0,0.0,0.060733247383140836
2020-05-29,United States,1751612.0,24255.0,106071.0,1163.0,0.0,0.06055621907134685
2020-05-30,United States,1775428.0,23816.0,107022.0,951.0,0.0,0.060279549494544414
2020-05-31,United States,1794465.0,19037.0,107719.0,697.0,0.0,0.060028476453984896
2020-06-01,United States,1811655.0,17190.0,108500.0,781.0,0.0,0.059889990091932514
2020-06-02,United States,1833141.0,21486.0,109539.0,1039.0,0.0,0.05975481427778878
2020-06-03,United States,1853068.0,19927.0,110532.0,993.0,0.0,0.05964810789458347
2020-06-04,United States,1874451.0,21383.0,111546.0,1014.0,0.0,0.05950862412514384
2020-06-05,United States,1899995.0,25544.0,112438.0,892.0,0.0,0.059178050468553865
2020-06-06,United States,1921235.0,21240.0,113138.0,700.0,0.0,0.05888816308260052
2020-06-07,United States,1938921.0,17686.0,113588.0,450.0,0.0,0.05858309853779499
2020-06-08,United States,1956401.0,17480.0,114093.0,505.0,0.0,0.05831779885616497
2020-06-09,United States,1974701.0,18300.0,115012.0,919.0,0.0,0.05824274155935506
2020-06-10,United States,1995914.0,21213.0,115911.0,899.0,0.0,0.05807414547921404
2020-06-11,United States,2018815.0,22901.0,116761.0,850.0,0.0,0.057836404029096275
2020-06-12,United States,2043703.0,24888.0,117579.0,818.0,0.0,0.05753233224201364
2020-06-13,United States,2068887.0,25184.0,118348.0,769.0,0.0,0.05720370421390825
2020-06-14,United States,2087943.0,19056.0,118663.0,315.0,0.0,0.056832490158974645
2020-06-15,United States,2107447.0,19504.0,119049.0,386.0,0.0,0.05648967684596576
2020-06-16,United States,2131024.0,23577.0,119869.0,820.0,0.0,0.05624948381623107
2020-06-17,United States,2157676.0,26652.0,120608.0,739.0,0.0,0.05589717826031341
2020-06-18,United States,2185550.0,27874.0,121301.0,693.0,0.0,0.05550136121342454
2020-06-19,United States,2216739.0,31189.0,121960.0,659.0,0.0,0.05501775355601178
2020-06-20,United States,2248483.0,31744.0,122563.0,603.0,0.0,0.05450919575553829
2020-06-21,United States,2274194.0,25711.0,122859.0,296.0,0.0,0.0540230956549881
2020-06-22,United States,2305200.0,31006.0,123247.0,388.0,0.0,0.053464775290647235
2020-06-23,United States,2341372.0,36172.0,124088.0,841.0,0.0,0.05299798579636213
2020-06-24,United States,2375813.0,34441.0,124844.0,756.0,0.0,0.052547906758654825
2020-06-25,United States,2416165.0,40352.0,125389.0,545.0,0.0,0.05189587631639395
2020-06-26,United States,2461586.0,45421.0,126020.0,631.0,0.0,0.05119463630358639
2020-06-27,United States,2502740.0,41154.0,126524.0,504.0,0.0,0.05055419260490503
2020-06-28,United States,2543302.0,40562.0,126813.0,289.0,0.0,0.04986155792745022
2020-06-29,United States,2583422.0,40120.0,127198.0,385.0,0.0,0.04923624556886177
2020-06-30,United States,2629439.0,46017.0,127831.0,633.0,0.0,0.04861531300022552
2020-07-01,United States,2681029.0,51590.0,128521.0,690.0,0.0,0.04793719127991529
2020-07-02,United States,2736658.0,55629.0,129250.0,729.0,0.0,0.04722913860628548
2020-07-03,United States,2788223.0,51565.0,129908.0,658.0,0.0,0.046591682229147384
2020-07-04,United States,2833945.0,45722.0,130193.0,285.0,0.0,0.04594055283359416
2020-07-05,United States,2883931.0,49986.0,130492.0,299.0,0.0,0.04524796189645314
2020-07-06,United States,2927440.0,43509.0,130855.0,363.0,0.0,0.044699464378433036
2020-07-07,United States,2988283.0,60843.0,132059.0,1204.0,0.0,0.04419226693054172
2020-07-08,United States,3048149.0,59866.0,132912.0,853.0,0.0,0.043604167644035775
2020-07-09,United States,3110715.0,62566.0,133912.0,1000.0,0.0,0.043048623869431944
2020-07-10,United States,3178541.0,67826.0,134725.0,813.0,0.0,0.04238579901910971
2020-07-11,United States,3239445.0,60904.0,135435.0,710.0,0.0,0.041808087496469304
2020-07-12,United States,3298169.0,58724.0,135896.0,461.0,0.0,0.04120346774225336
2020-07-13,United States,3356407.0,58238.0,136318.0,422.0,0.0,0.040614264003143837
2020-07-14,United States,3424029.0,67622.0,137237.0,919.0,0.0,0.040080560065349914
2020-07-15,United States,3492184.0,68155.0,138196.0,959.0,0.0,0.039572943464605534
2020-07-16,United States,3568772.0,76588.0,139159.0,963.0,0.0,0.038993524943594045
2020-07-17,United States,3640660.0,71888.0,140075.0,916.0,0.0,0.03847516659067312
2020-07-18,United States,3703105.0,62445.0,140939.0,864.0,0.0,0.038059682347651495
2020-07-19,United States,3763696.0,60591.0,141407.0,468.0,0.0,0.03757131287967998
2020-07-20,United States,3825215.0,61519.0,141947.0,540.0,0.0,0.03710824097469031
2020-07-21,United States,3889282.0,64067.0,143054.0,1107.0,0.0,0.036781596191790666
2020-07-22,United States,3961257.0,71975.0,144266.0,1212.0,0.0,0.03641924772868814
2020-07-23,United States,4029856.0,68599.0,145359.0,1093.0,0.0,0.03607051964139662
2020-07-24,United States,4103287.0,73431.0,146507.0,1148.0,0.0,0.03570478984287475
2020-07-25,United States,4168436.0,65149.0,147393.0,886.0,0.0,0.03535930502471431
2020-07-26,United States,4223184.0,54748.0,147900.0,507.0,0.0,0.03502096996010593
2020-07-27,United States,4279307.0,56123.0,149021.0,1121.0,0.0,0.0348236291530381
2020-07-28,United States,4344986.0,65679.0,150375.0,1354.0,0.0,0.034608857197698684
2020-07-29,United States,4416810.0,71824.0,151797.0,1422.0,0.0,0.034368016736060644
2020-07-30,United States,4484576.0,67766.0,153017.0,1220.0,0.0,0.03412072847020543
2020-07-31,United States,4553337.0,68761.0,154277.0,1260.0,0.0,0.03388218355021822
2020-08-01,United States,4610068.0,56731.0,155376.0,1099.0,0.0,0.03370362432831794
2020-08-02,United States,4656256.0,46188.0,155793.0,417.0,0.0,0.03345885621409132
2020-08-03,United States,4700961.0,44705.0,156350.0,557.0,0.0,0.03325915701066229
2020-08-04,United States,4758265.0,57304.0,157705.0,1355.0,0.0,0.03314338314490681
2020-08-05,United States,4812824.0,54559.0,159103.0,1398.0,0.0,0.033058138007955415
2020-08-06,United States,4872195.0,59371.0,160329.0,1226.0,0.0,0.032906934143645726
2020-08-07,United States,4930744.0,58549.0,161563.0,1234.0,0.0,0.0327664547175842
2020-08-08,United States,4984863.0,54119.0,162645.0,1082.0,0.0,0.03262777733309822
2020-08-09,United States,5031263.0,46400.0,163175.0,530.0,0.0,0.03243221433663873
2020-08-10,United States,5079912.0,48649.0,163719.0,544.0,0.0,0.03222870789887699
2020-08-11,United States,5126858.0,46946.0,164757.0,1038.0,0.0,0.03213605682076625
2020-08-12,United States,5183757.0,56899.0,166273.0,1516.0,0.0,0.0320757705270521
2020-08-13,United States,5235677.0,51920.0,167331.0,1058.0,0.0,0.03195976375166001
2020-08-14,United States,5300376.0,64699.0,168667.0,1336.0,0.0,0.031821704724344084
2020-08-15,United States,5347012.0,46636.0,169697.0,1030.0,0.0,0.03173679056639484
2020-08-16,United States,5387890.0,40878.0,170273.0,576.0,0.0,0.03160290948775866
2020-08-17,United States,5424646.0,36756.0,170724.0,451.0,0.0,0.03147191540240598
2020-08-18,United States,5469674.0,45028.0,172031.0,1307.0,0.0,0.031451783049593084
2020-08-19,United States,5517381.0,47707.0,173359.0,1328.0,0.0,0.031420523614374286
2020-08-20,United States,5561286.0,43905.0,174439.0,1080.0,0.0,0.031366665911445664
2020-08-21,United States,5609976.0,48690.0,175533.0,1094.0,0.0,0.031289438671395386
2020-08-22,United States,5653277.0,43301.0,176511.0,978.0,0.0,0.031222775745819636
2020-08-23,United States,5687713.0,34436.0,176970.0,459.0,0.0,0.031114439142762653
2020-08-24,United States,5724133.0,36420.0,177418.0,448.0,0.0,0.03099473754365945
2020-08-25,United States,5764251.0,40118.0,178634.0,1216.0,0.0,0.03098997597432867
2020-08-26,United States,5809898.0,45647.0,179867.0,1233.0,0.0,0.03095871906873408
2020-08-27,United States,5855060.0,45162.0,180964.0,1097.0,0.0,0.030907283614514624
2020-08-28,United States,5902010.0,46950.0,181926.0,962.0,0.0,0.030824414055550566
2020-08-29,United States,5947311.0,45301.0,182773.0,847.0,0.0,0.030732040076599323
2020-08-30,United States,5981967.0,34656.0,183214.0,441.0,0.0,0.03062771827393899
2020-08-31,United States,6017097.0,35130.0,183809.0,595.0,0.0,0.030547787413099707
2020-09-01,United States,6058945.0,41848.0,184858.0,1049.0,0.0,0.030509932009615534
2020-09-02,United States,6100018.0,41073.0,185902.0,1044.0,0.0,0.03047564777677705
2020-09-03,United States,6143817.0,43799.0,186960.0,1058.0,0.0,0.030430593879993497
2020-09-04,United States,6193992.0,50175.0,187921.0,961.0,0.0,0.03033923841038219
2020-09-05,United States,6237103.0,43111.0,188698.0,777.0,0.0,0.030254109960986694
2020-09-06,United States,6268531.0,31428.0,189109.0,411.0,0.0,0.030167993107157003
2020-09-07,United States,6291963.0,23432.0,189390.0,281.0,0.0,0.030100304149913153
2020-09-08,United States,6319097.0,27134.0,189842.0,452.0,0.0,0.03004258361598184
2020-09-09,United States,6353027.0,33930.0,190999.0,1157.0,0.0,0.03006425126164268
2020-09-10,United States,6389235.0,36208.0,191911.0,912.0,0.0,0.030036616277222546
2020-09-11,United States,6436624.0,47389.0,193115.0,1204.0,0.0,0.030002529276216848
2020-09-12,United States,6477526.0,40902.0,193830.0,715.0,0.0,0.02992346151910467
2020-09-13,United States,6511799.0,34273.0,194224.0,394.0,0.0,0.029826473452267185
2020-09-14,United States,6545665.0,33866.0,194638.0,414.0,0.0,0.02973540503524088
2020-09-15,United States,6585107.0,39442.0,195926.0,1288.0,0.0,0.029752895435108343
2020-09-16,United States,6623637.0,38530.0,196913.0,987.0,0.0,0.029728833267885908
2020-09-17,United States,6668590.0,44953.0,197778.0,865.0,0.0,0.029658143625564026
2020-09-18,United States,6717565.0,48975.0,198700.0,922.0,0.0,0.029579170428570473
2020-09-19,United States,6759863.0,42298.0,199415.0,715.0,0.0,0.02949985820718556
2020-09-20,United States,6798261.0,38398.0,199664.0,249.0,0.0,0.029369863851946842
2020-09-21,United States,6849919.0,51658.0,200084.0,420.0,0.0,0.029209688464929294
2020-09-22,United States,6889482.0,39563.0,201095.0,1011.0,0.0,0.029188696624797044
2020-09-23,United States,6928137.0,38655.0,202179.0,1084.0,0.0,0.02918230398734898
2020-09-24,United States,6974336.0,46199.0,203100.0,921.0,0.0,0.029121051810523612
2020-09-25,United States,7022042.0,47706.0,204026.0,926.0,0.0,0.02905508112882264
2020-09-26,United States,7066289.0,44247.0,204780.0,754.0,0.0,0.02897985066843431
2020-09-27,United States,7103508.0,37219.0,205069.0,289.0,0.0,0.028868694171949972
2020-09-28,United States,7135817.0,32309.0,205401.0,332.0,0.0,0.02878451058932705
2020-09-29,United States,7178637.0,42820.0,206285.0,884.0,0.0,0.028735956421810992
2020-09-30,United States,7219993.0,41356.0,207227.0,942.0,0.0,0.028701828381274053
2020-10-01,United States,7265472.0,45479.0,208081.0,854.0,0.0,0.028639708473172838
2020-10-02,United States,7319889.0,54417.0,209008.0,927.0,0.0,0.028553438446949127
2020-10-03,United States,7368376.0,48487.0,209695.0,687.0,0.0,0.02845878114797616
2020-10-04,United States,7404432.0,36056.0,210049.0,354.0,0.0,0.02836800986220145
2020-10-05,United States,7443292.0,38860.0,210506.0,457.0,0.0,0.028281303487757835
2020-10-06,United States,7488142.0,44850.0,211212.0,706.0,0.0,0.028206195876093163
2020-10-07,United States,7538997.0,50855.0,212130.0,918.0,0.0,0.028137695239830975
2020-10-08,United States,7597310.0,58313.0,213099.0,969.0,0.0,0.028049270070590774
2020-10-09,United States,7653210.0,55900.0,214060.0,961.0,0.0,0.027969962930587296
2020-10-10,United States,7707657.0,54447.0,214695.0,635.0,0.0,0.027854768316753067
2020-10-11,United States,7753980.0,46323.0,215122.0,427.0,0.0,0.02774342982571531
2020-10-12,United States,7795110.0,41130.0,215472.0,350.0,0.0,0.027641944757675004
2020-10-13,United States,7846968.0,51858.0,216254.0,782.0,0.0,0.027558924670012672
2020-10-14,United States,7906419.0,59451.0,217248.0,994.0,0.0,0.027477420561698034
2020-10-15,United States,7970877.0,64458.0,218060.0,812.0,0.0,0.02735709006675175
2020-10-16,United States,8039443.0,68566.0,218962.0,902.0,0.0,0.027235966471806566
2020-10-17,United States,8096194.0,56751.0,219717.0,755.0,0.0,0.02713830720953574
2020-10-18,United States,8145485.0,49291.0,220162.0,445.0,0.0,0.027028715908260833
2020-10-19,United States,8212380.0,66895.0,220620.0,458.0,0.0,0.026864319478640784
2020-10-20,United States,8273792.0,61412.0,221536.0,916.0,0.0,0.02677563081112022
2020-10-21,United States,8336799.0,63007.0,222703.0,1167.0,0.0,0.02671325049338481
2020-10-22,United States,8412298.0,75499.0,223566.0,863.0,0.0,0.026576091336754832
2020-10-23,United States,8493414.0,81116.0,224518.0,952.0,0.0,0.026434364320401665
2020-10-24,United States,8576057.0,82643.0,225468.0,950.0,0.0,0.026290403620218474
2020-10-25,United States,8637806.0,61749.0,225857.0,389.0,0.0,0.026147496250784052
2020-10-26,United States,8704274.0,66468.0,226339.0,482.0,0.0,0.02600320256462515
2020-10-27,United States,8780512.0,76238.0,227301.0,962.0,0.0,0.025886987000302487
2020-10-28,United States,8859310.0,78798.0,228311.0,1010.0,0.0,0.025770742868236916
2020-10-29,United States,8949782.0,90472.0,229277.0,966.0,0.0,0.025618165894990514
2020-10-30,United States,9048263.0,98481.0,230308.0,1031.0,0.0,0.025453283132906283
2020-10-31,United States,9137194.0,88931.0,231201.0,893.0,0.0,0.025303282386255562
2020-11-01,United States,9241521.0,104327.0,231623.0,422.0,0.0,0.025063298563082852
2020-11-02,United States,9324616.0,83095.0,232155.0,532.0,0.0,0.02489700380155065
2020-11-03,United States,9450988.0,126372.0,233720.0,1565.0,0.0,0.02472968963668137
2020-11-04,United States,9554518.0,103530.0,234812.0,1092.0,0.0,0.024576017335463704
2020-11-05,United States,9682196.0,127678.0,235956.0,1144.0,0.0,0.02437009124789459
2020-11-06,United States,9809038.0,126842.0,237153.0,1197.0,0.0,0.024176988609892223
2020-11-07,United States,9937298.0,128260.0,238165.0,1012.0,0.0,0.02396677648189679
2020-11-08,United States,10047724.0,110426.0,238655.0,490.0,0.0,0.023752145261951862
2020-11-09,United States,10169076.0,121352.0,239338.0,683.0,0.0,0.023535865008777593
2020-11-10,United States,10308385.0,139309.0,240714.0,1376.0,0.0,0.023351281505298842
2020-11-11,United States,10454619.0,146234.0,242142.0,1428.0,0.0,0.023161245761323297
2020-11-12,United States,10616251.0,161632.0,243335.0,1193.0,0.0,0.022920991600518865
2020-11-13,United States,10795270.0,179019.0,244499.0,1164.0,0.0,0.022648715594885536
2020-11-14,United States,10963295.0,168025.0,245776.0,1277.0,0.0,0.02241807777679977
2020-11-15,United States,11099318.0,136023.0,246421.0,645.0,0.0,0.02220145417943697
2020-11-16,United States,11258134.0,158816.0,247152.0,731.0,0.0,0.021953194019541784
2020-11-17,United States,11419139.0,161005.0,248838.0,1686.0,0.0,0.0217913101854702
2020-11-18,United States,11591694.0,172555.0,250716.0,1878.0,0.0,0.021628935339390427
2020-11-19,United States,11780990.0,189296.0,252694.0,1978.0,0.0,0.02144930095008993
2020-11-20,United States,11977440.0,196450.0,254590.0,1896.0,0.0,0.021255794226479115
2020-11-21,United States,12157737.0,180297.0,256040.0,1450.0,0.0,0.021059840330482558
2020-11-22,United States,12304199.0,146462.0,256958.0,918.0,0.0,0.020883764965114755
2020-11-23,United States,12472178.0,167979.0,257874.0,916.0,0.0,0.020675939679501047
2020-11-24,United States,12646575.0,174397.0,260000.0,2126.0,0.0,0.020558926033333137
2020-11-25,United States,12830170.0,183595.0,262287.0,2287.0,0.0,0.02044298711552536
2020-11-26,United States,12944048.0,113878.0,263532.0,1245.0,0.0,0.020359318815875837
2020-11-27,United States,13148135.0,204087.0,264958.0,1426.0,0.0,0.02015175536302297
2020-11-28,United States,13303242.0,155107.0,266170.0,1212.0,0.0,0.02000790484003824
2020-11-29,United States,13442656.0,139414.0,267012.0,842.0,0.0,0.019863038970870044
2020-11-30,United States,13599496.0,156840.0,268165.0,1153.0,0.0,0.019718745459390553
2020-12-01,United States,13783773.0,184277.0,270753.0,2588.0,0.0,0.01964288007354735
2020-12-02,United States,13985434.0,201661.0,273528.0,2775.0,0.0,0.019558063053316758
2020-12-03,United States,14205041.0,219607.0,276371.0,2843.0,0.0,0.01945583965579543
2020-12-04,United States,14434647.0,229606.0,278965.0,2594.0,0.0,0.019326070114496045
2020-12-05,United States,14650139.0,215492.0,281222.0,2257.0,0.0,0.019195858824274638
2020-12-06,United States,14830883.0,180744.0,282344.0,1122.0,0.0,0.019037571802029588
2020-12-07,United States,15020042.0,189159.0,283763.0,1419.0,0.0,0.018892290713967377
2020-12-08,United States,15239976.0,219934.0,286283.0,2520.0,0.0,0.01878500333596326
2020-12-09,United States,15463239.0,223263.0,289347.0,3064.0,0.0,0.018711927041934747
2020-12-10,United States,15689923.0,226684.0,292267.0,2920.0,0.0,0.018627688612620978
2020-12-11,United States,15924026.0,234103.0,295550.0,3283.0,0.0,0.018560004863091784
2020-12-12,United States,16143219.0,219193.0,297904.0,2354.0,0.0,0.018453816429052968
2020-12-13,United States,16334361.0,191142.0,299293.0,1389.0,0.0,0.018322908377009665
2020-12-14,United States,16527207.0,192846.0,300777.0,1484.0,0.0,0.018198900758004663
2020-12-15,United States,16725973.0,198766.0,303761.0,2984.0,0.0,0.018161036132247732
2020-12-16,United States,16973376.0,247403.0,307443.0,3682.0,0.0,0.01811324983315046
2020-12-17,United States,17209587.0,236211.0,310789.0,3346.0,0.0,0.018059062079758218
2020-12-18,United States,17459296.0,249709.0,313610.0,2821.0,0.0,0.017962350830182387
2020-12-19,United States,17655591.0,196295.0,316159.0,2549.0,272001.0,0.017907018802146017
2020-12-20,United States,17844690.0,189099.0,317668.0,1509.0,556208.0,0.017801822278784334
2020-12-21,United States,18035209.0,190519.0,319364.0,1696.0,614117.0,0.01770780699020455
2020-12-22,United States,18230242.0,195033.0,322765.0,3401.0,0.0,0.01770492130603642
2020-12-23,United States,18458373.0,228131.0,326124.0,3359.0,1008025.0,0.017668079413066362
2020-12-24,United States,18656776.0,198403.0,329023.0,2899.0,0.0,0.017635576479022957
2020-12-25,United States,18756360.0,99584.0,330246.0,1223.0,0.0,0.01760714765551525
2020-12-26,United States,18982634.0,226274.0,331909.0,1663.0,1944585.0,0.017484875913426977
